ID,segmento
5524,fieis
2174,promissores
4141,fieis
6182,potenciais_fieis
5324,em_risco
7446,campeoes
965,fieis
6177,potenciais_fieis
4855,novos_consumidores
5899,hibernando
1994,novos_consumidores
387,prestes_a_dormir
2125,em_risco
8180,precisam_atencao
2569,promissores
2114,fieis
9736,prestes_a_dormir
4939,potenciais_fieis
6565,n_podem_perder
2278,hibernando
9360,precisam_atencao
5376,fieis
1993,em_risco
4047,campeoes
1409,em_risco
7892,hibernando
2404,potenciais_fieis
5255,campeoes
9422,potenciais_fieis
1966,n_podem_perder
6864,potenciais_fieis
3033,precisam_atencao
5710,potenciais_fieis
7373,potenciais_fieis
8755,campeoes
10738,prestes_a_dormir
4339,fieis
10755,hibernando
8595,hibernando
2968,fieis
8601,campeoes
503,hibernando
8430,novos_consumidores
7281,hibernando
2139,novos_consumidores
1371,em_risco
9909,potenciais_fieis
7286,hibernando
7244,hibernando
6566,fieis
8614,fieis
4114,campeoes
1331,prestes_a_dormir
2225,fieis
9381,fieis
6260,fieis
10383,fieis
7437,promissores
8557,prestes_a_dormir
8375,em_risco
6853,campeoes
3076,campeoes
1012,fieis
6518,campeoes
4137,potenciais_fieis
8082,hibernando
1386,novos_consumidores
9369,campeoes
4477,campeoes
1357,em_risco
1402,campeoes
10629,potenciais_fieis
6312,fieis
8132,em_risco
1050,prestes_a_dormir
5846,hibernando
1859,fieis
7503,fieis
10401,novos_consumidores
1618,campeoes
3332,hibernando
2261,novos_consumidores
5346,hibernando
4119,precisam_atencao
535,campeoes
5268,hibernando
273,prestes_a_dormir
4452,potenciais_fieis
8504,em_risco
771,hibernando
8996,campeoes
9235,prestes_a_dormir
5798,em_risco
11178,hibernando
2230,hibernando
7516,promissores
7247,em_risco
11100,promissores
4646,fieis
3037,potenciais_fieis
1473,novos_consumidores
1016,prestes_a_dormir
4518,fieis
9370,em_risco
8908,fieis
8373,hibernando
7533,potenciais_fieis
2683,fieis
3629,potenciais_fieis
10991,potenciais_fieis
5077,fieis
7431,fieis
3267,fieis
999,n_podem_perder
9215,campeoes
2286,potenciais_fieis
1592,potenciais_fieis
367,em_risco
5234,hibernando
9862,promissores
9805,em_risco
6205,potenciais_fieis
8442,hibernando
7386,hibernando
7215,n_podem_perder
1491,em_risco
11071,potenciais_fieis
3381,prestes_a_dormir
8268,potenciais_fieis
11051,em_risco
8026,potenciais_fieis
433,fieis
9597,campeoes
1295,em_risco
5290,precisam_atencao
1685,fieis
5342,promissores
9579,hibernando
7660,promissores
1461,hibernando
821,fieis
11084,potenciais_fieis
8690,n_podem_perder
2937,fieis
9701,potenciais_fieis
9949,potenciais_fieis
10837,prestes_a_dormir
3120,prestes_a_dormir
5885,hibernando
4050,hibernando
3830,precisam_atencao
7987,em_risco
7798,potenciais_fieis
92,potenciais_fieis
7055,fieis
10240,campeoes
3025,potenciais_fieis
9283,prestes_a_dormir
9970,potenciais_fieis
2730,em_risco
2795,novos_consumidores
9260,fieis
8182,hibernando
10095,campeoes
8475,n_podem_perder
4370,hibernando
10573,fieis
3712,em_risco
6637,precisam_atencao
3152,hibernando
5610,prestes_a_dormir
6460,hibernando
1349,potenciais_fieis
1880,potenciais_fieis
641,hibernando
8717,fieis
10314,n_podem_perder
10854,hibernando
10492,hibernando
6935,fieis
7698,hibernando
3559,hibernando
10562,fieis
10796,novos_consumidores
2563,hibernando
3518,prestes_a_dormir
5823,hibernando
3934,fieis
6982,campeoes
6431,novos_consumidores
9733,prestes_a_dormir
5602,n_podem_perder
7829,hibernando
1324,hibernando
326,potenciais_fieis
7224,promissores
6999,n_podem_perder
9938,em_risco
6422,fieis
3182,hibernando
7300,fieis
10424,em_risco
8727,n_podem_perder
2798,fieis
1030,hibernando
624,novos_consumidores
5176,hibernando
5552,precisam_atencao
868,hibernando
380,campeoes
2677,potenciais_fieis
6521,campeoes
6927,em_risco
2877,fieis
0,em_risco
1584,em_risco
7264,novos_consumidores
6274,n_podem_perder
1377,potenciais_fieis
454,fieis
1755,hibernando
2075,precisam_atencao
4785,campeoes
9076,prestes_a_dormir
7079,fieis
4653,prestes_a_dormir
7375,em_risco
709,potenciais_fieis
460,em_risco
3726,hibernando
6798,potenciais_fieis
5341,potenciais_fieis
1606,hibernando
9617,promissores
3233,n_podem_perder
89,prestes_a_dormir
2936,prestes_a_dormir
9449,fieis
7297,prestes_a_dormir
11004,promissores
313,n_podem_perder
9940,em_risco
10735,hibernando
9529,campeoes
6439,fieis
7411,promissores
2176,precisam_atencao
9265,em_risco
8867,em_risco
8932,fieis
10236,prestes_a_dormir
6340,prestes_a_dormir
10089,campeoes
2227,hibernando
10992,n_podem_perder
5304,promissores
309,fieis
3406,em_risco
2661,hibernando
3153,promissores
10264,hibernando
1184,fieis
4200,em_risco
9396,promissores
2387,potenciais_fieis
6690,potenciais_fieis
1225,fieis
9703,hibernando
291,potenciais_fieis
4557,potenciais_fieis
2379,potenciais_fieis
5726,potenciais_fieis
3066,potenciais_fieis
6336,prestes_a_dormir
10967,potenciais_fieis
2304,n_podem_perder
3445,fieis
7828,potenciais_fieis
3762,fieis
4391,n_podem_perder
4669,prestes_a_dormir
10144,em_risco
8652,potenciais_fieis
1672,em_risco
8962,novos_consumidores
9974,hibernando
10983,campeoes
8148,em_risco
10102,campeoes
4697,em_risco
9262,novos_consumidores
7254,hibernando
4543,fieis
4927,hibernando
10451,novos_consumidores
2926,em_risco
2874,promissores
9738,prestes_a_dormir
7119,precisam_atencao
3924,fieis
5827,prestes_a_dormir
5596,fieis
10812,hibernando
1717,precisam_atencao
9491,hibernando
9274,fieis
6609,hibernando
6963,em_risco
4440,em_risco
1379,potenciais_fieis
10032,hibernando
2826,promissores
2437,n_podem_perder
6320,fieis
3050,potenciais_fieis
231,hibernando
2392,prestes_a_dormir
9478,potenciais_fieis
113,promissores
2863,em_risco
1802,fieis
520,hibernando
8275,novos_consumidores
9750,fieis
2607,em_risco
7214,fieis
5835,potenciais_fieis
3896,novos_consumidores
10350,promissores
7786,potenciais_fieis
2861,hibernando
663,prestes_a_dormir
10675,em_risco
2521,novos_consumidores
9592,prestes_a_dormir
10151,fieis
7381,campeoes
4099,novos_consumidores
9560,campeoes
1150,potenciais_fieis
10172,em_risco
11191,potenciais_fieis
9707,em_risco
6245,em_risco
8234,novos_consumidores
1411,precisam_atencao
8553,hibernando
1826,potenciais_fieis
8842,promissores
11030,hibernando
2579,n_podem_perder
175,em_risco
9185,potenciais_fieis
11056,campeoes
9365,fieis
6201,prestes_a_dormir
2061,hibernando
6184,potenciais_fieis
6142,em_risco
4107,precisam_atencao
7274,n_podem_perder
9336,fieis
2958,prestes_a_dormir
933,promissores
5837,em_risco
10704,em_risco
5125,n_podem_perder
4432,hibernando
5955,potenciais_fieis
2928,em_risco
5680,hibernando
10313,em_risco
2557,prestes_a_dormir
1245,fieis
1519,potenciais_fieis
10703,hibernando
1726,promissores
4459,novos_consumidores
1729,campeoes
1517,hibernando
2098,promissores
9543,hibernando
6878,potenciais_fieis
3310,hibernando
2724,promissores
948,promissores
6720,potenciais_fieis
6202,n_podem_perder
2066,prestes_a_dormir
9799,fieis
8318,campeoes
5642,potenciais_fieis
2669,em_risco
455,hibernando
7683,em_risco
3428,fieis
7414,potenciais_fieis
6354,prestes_a_dormir
798,hibernando
8213,hibernando
2488,hibernando
9999,campeoes
7617,hibernando
615,potenciais_fieis
2552,potenciais_fieis
194,prestes_a_dormir
3645,potenciais_fieis
8890,potenciais_fieis
5049,novos_consumidores
9973,fieis
7301,hibernando
10882,precisam_atencao
7030,campeoes
7422,em_risco
3523,em_risco
7106,em_risco
6504,potenciais_fieis
5067,campeoes
4216,fieis
8581,campeoes
5929,novos_consumidores
3129,promissores
6528,hibernando
1361,potenciais_fieis
6932,n_podem_perder
7284,novos_consumidores
1340,fieis
8746,fieis
5987,prestes_a_dormir
3767,campeoes
3725,potenciais_fieis
4324,fieis
238,n_podem_perder
6694,fieis
498,promissores
9347,prestes_a_dormir
9699,campeoes
10664,potenciais_fieis
5455,hibernando
456,hibernando
5012,prestes_a_dormir
7495,hibernando
5029,novos_consumidores
10642,novos_consumidores
2106,hibernando
10364,hibernando
5954,hibernando
1137,em_risco
2541,novos_consumidores
1142,em_risco
2276,n_podem_perder
2807,fieis
6471,potenciais_fieis
6131,em_risco
6233,fieis
4148,em_risco
4947,fieis
3225,em_risco
7540,precisam_atencao
10648,em_risco
1992,potenciais_fieis
7851,n_podem_perder
8594,potenciais_fieis
7059,fieis
2815,prestes_a_dormir
2416,em_risco
7999,campeoes
9213,novos_consumidores
9697,em_risco
3916,n_podem_perder
2021,fieis
1581,novos_consumidores
564,n_podem_perder
6619,hibernando
9081,prestes_a_dormir
178,fieis
916,hibernando
5512,campeoes
8970,em_risco
10581,precisam_atencao
5300,hibernando
5154,prestes_a_dormir
8346,potenciais_fieis
1676,potenciais_fieis
9286,em_risco
2426,fieis
5172,potenciais_fieis
5562,em_risco
3436,promissores
3921,hibernando
3403,campeoes
22,em_risco
10965,n_podem_perder
9426,em_risco
6605,em_risco
3136,em_risco
8737,promissores
11088,em_risco
716,n_podem_perder
466,campeoes
9135,hibernando
10623,novos_consumidores
8151,potenciais_fieis
5140,em_risco
10160,prestes_a_dormir
4945,fieis
10584,n_podem_perder
6071,n_podem_perder
3386,hibernando
8939,fieis
9925,hibernando
4320,campeoes
5389,em_risco
6036,em_risco
182,em_risco
203,fieis
11025,potenciais_fieis
10203,hibernando
4607,fieis
3711,campeoes
3696,hibernando
2532,em_risco
9214,precisam_atencao
4943,em_risco
35,potenciais_fieis
2258,hibernando
4322,fieis
713,em_risco
4702,fieis
3281,em_risco
702,em_risco
2004,em_risco
4769,fieis
4437,em_risco
8724,prestes_a_dormir
10741,em_risco
1991,potenciais_fieis
6931,potenciais_fieis
11096,precisam_atencao
304,hibernando
3665,prestes_a_dormir
10591,potenciais_fieis
5036,potenciais_fieis
5547,campeoes
7822,fieis
8541,hibernando
10955,em_risco
4368,hibernando
9671,prestes_a_dormir
2256,promissores
4279,hibernando
5371,potenciais_fieis
9240,em_risco
9460,hibernando
9504,campeoes
8692,precisam_atencao
448,fieis
8314,fieis
8420,potenciais_fieis
3174,em_risco
7685,potenciais_fieis
3179,em_risco
9780,campeoes
10681,campeoes
10232,potenciais_fieis
4184,precisam_atencao
9120,em_risco
891,hibernando
10381,prestes_a_dormir
3525,novos_consumidores
6818,potenciais_fieis
3526,prestes_a_dormir
8181,prestes_a_dormir
1029,potenciais_fieis
7369,prestes_a_dormir
2574,fieis
8159,potenciais_fieis
1160,prestes_a_dormir
10242,potenciais_fieis
5253,em_risco
5966,em_risco
5314,em_risco
5081,prestes_a_dormir
5123,prestes_a_dormir
5756,hibernando
8036,potenciais_fieis
9058,n_podem_perder
5057,em_risco
254,potenciais_fieis
4179,hibernando
3710,prestes_a_dormir
7627,fieis
4501,em_risco
6424,novos_consumidores
3075,precisam_atencao
4992,potenciais_fieis
5252,hibernando
7444,promissores
6919,potenciais_fieis
3537,prestes_a_dormir
10277,promissores
2453,em_risco
7972,em_risco
895,em_risco
1177,hibernando
7141,potenciais_fieis
7232,hibernando
8477,hibernando
2457,promissores
988,em_risco
7930,em_risco
4587,em_risco
6682,prestes_a_dormir
6222,promissores
10299,n_podem_perder
3083,em_risco
8953,hibernando
1503,promissores
8650,promissores
10862,potenciais_fieis
2782,potenciais_fieis
6941,hibernando
10972,precisam_atencao
10708,prestes_a_dormir
6583,fieis
3641,hibernando
10156,fieis
4299,fieis
3469,hibernando
5063,hibernando
10727,fieis
9624,precisam_atencao
5156,campeoes
4376,potenciais_fieis
8923,campeoes
8461,novos_consumidores
6945,n_podem_perder
944,potenciais_fieis
1907,fieis
701,fieis
3856,n_podem_perder
4149,fieis
2131,fieis
2942,potenciais_fieis
1173,em_risco
4381,precisam_atencao
4611,fieis
3376,potenciais_fieis
4679,fieis
10928,potenciais_fieis
4248,fieis
6728,promissores
6661,n_podem_perder
4725,hibernando
3277,potenciais_fieis
2564,hibernando
946,hibernando
3867,fieis
6940,hibernando
55,em_risco
7093,hibernando
5084,n_podem_perder
1777,promissores
8162,hibernando
10826,hibernando
8754,promissores
1987,promissores
11007,prestes_a_dormir
7426,hibernando
9153,n_podem_perder
10379,em_risco
9204,potenciais_fieis
3197,fieis
2920,em_risco
6961,promissores
4673,campeoes
9937,em_risco
8779,potenciais_fieis
9596,campeoes
2891,fieis
4910,n_podem_perder
75,potenciais_fieis
10120,em_risco
6327,em_risco
10142,em_risco
9826,n_podem_perder
1501,fieis
10767,fieis
7279,potenciais_fieis
7230,em_risco
143,em_risco
450,hibernando
9316,promissores
6379,potenciais_fieis
9239,hibernando
8315,hibernando
2868,promissores
10888,fieis
1277,fieis
9977,em_risco
10196,fieis
6384,fieis
8029,potenciais_fieis
968,potenciais_fieis
6988,em_risco
4472,promissores
6991,em_risco
3336,em_risco
4301,novos_consumidores
1940,promissores
1272,fieis
1388,potenciais_fieis
1044,fieis
6969,em_risco
10479,em_risco
3619,campeoes
1715,prestes_a_dormir
10159,n_podem_perder
1463,novos_consumidores
5114,potenciais_fieis
4990,em_risco
4329,prestes_a_dormir
10936,em_risco
4692,potenciais_fieis
7212,hibernando
6086,n_podem_perder
437,fieis
11171,em_risco
11101,campeoes
5329,promissores
610,em_risco
9384,fieis
5956,em_risco
10430,potenciais_fieis
7875,fieis
7072,em_risco
6255,potenciais_fieis
6516,promissores
5564,fieis
5682,campeoes
7458,potenciais_fieis
5237,hibernando
7761,hibernando
5278,em_risco
3560,fieis
7235,potenciais_fieis
10548,fieis
2281,promissores
4073,campeoes
6974,n_podem_perder
7938,em_risco
7094,n_podem_perder
3667,fieis
7723,fieis
3870,fieis
4012,fieis
5909,potenciais_fieis
10470,potenciais_fieis
6488,hibernando
10270,potenciais_fieis
6887,fieis
6406,campeoes
7573,novos_consumidores
4508,em_risco
221,hibernando
5331,campeoes
1911,campeoes
20,hibernando
8786,precisam_atencao
10582,campeoes
1915,fieis
8897,campeoes
2371,potenciais_fieis
4303,hibernando
6825,hibernando
1072,hibernando
4964,em_risco
2461,hibernando
10736,fieis
3194,em_risco
10839,prestes_a_dormir
49,promissores
4290,novos_consumidores
10219,prestes_a_dormir
4211,novos_consumidores
1135,hibernando
6299,fieis
10846,fieis
347,potenciais_fieis
6543,precisam_atencao
10446,fieis
3479,prestes_a_dormir
11075,potenciais_fieis
4442,hibernando
199,potenciais_fieis
6722,em_risco
796,campeoes
3749,fieis
8523,potenciais_fieis
310,em_risco
8629,hibernando
236,hibernando
9930,campeoes
3483,n_podem_perder
4599,em_risco
7326,hibernando
7352,potenciais_fieis
2350,em_risco
9145,fieis
2964,novos_consumidores
5585,novos_consumidores
9687,potenciais_fieis
3732,n_podem_perder
6303,n_podem_perder
11176,campeoes
2986,hibernando
7462,em_risco
3900,fieis
7034,promissores
9493,campeoes
1143,prestes_a_dormir
1,campeoes
3855,hibernando
5536,em_risco
5989,fieis
9499,em_risco
6768,hibernando
2150,n_podem_perder
6646,promissores
4887,hibernando
8560,em_risco
3321,fieis
11003,novos_consumidores
10402,hibernando
9904,fieis
6141,precisam_atencao
5687,n_podem_perder
10856,prestes_a_dormir
5121,fieis
4186,potenciais_fieis
368,em_risco
3312,potenciais_fieis
11121,hibernando
5332,campeoes
5848,fieis
10343,fieis
5935,em_risco
2895,hibernando
10262,hibernando
7848,potenciais_fieis
9477,campeoes
4856,fieis
7186,prestes_a_dormir
5794,potenciais_fieis
1456,fieis
4877,novos_consumidores
425,em_risco
3007,prestes_a_dormir
1031,campeoes
4297,hibernando
807,potenciais_fieis
9553,hibernando
4271,em_risco
4120,em_risco
2036,potenciais_fieis
115,potenciais_fieis
4259,hibernando
8687,precisam_atencao
2447,hibernando
10140,fieis
9353,em_risco
3623,prestes_a_dormir
738,potenciais_fieis
7631,fieis
4789,em_risco
773,em_risco
10602,potenciais_fieis
1446,campeoes
3270,hibernando
8443,potenciais_fieis
9653,novos_consumidores
8916,hibernando
8017,hibernando
5830,n_podem_perder
4597,em_risco
7023,em_risco
8086,promissores
8825,fieis
2930,campeoes
1928,hibernando
7108,precisam_atencao
10925,n_podem_perder
9960,prestes_a_dormir
8800,fieis
9224,n_podem_perder
5519,campeoes
5046,n_podem_perder
7037,precisam_atencao
905,potenciais_fieis
8624,em_risco
8945,prestes_a_dormir
6445,em_risco
2727,potenciais_fieis
6404,potenciais_fieis
11074,em_risco
10150,campeoes
1968,promissores
6534,hibernando
9485,potenciais_fieis
7053,n_podem_perder
4654,fieis
9760,fieis
1048,potenciais_fieis
10619,fieis
9308,precisam_atencao
10505,em_risco
8362,campeoes
2625,potenciais_fieis
4637,n_podem_perder
9972,promissores
4483,em_risco
4487,hibernando
4988,prestes_a_dormir
8931,n_podem_perder
5871,em_risco
2008,em_risco
3139,fieis
10037,em_risco
10673,campeoes
5303,fieis
538,hibernando
7922,fieis
5692,hibernando
4843,em_risco
6383,hibernando
1628,fieis
1204,fieis
3673,fieis
760,campeoes
8957,precisam_atencao
4128,fieis
6810,em_risco
5386,em_risco
8700,hibernando
3202,em_risco
1328,fieis
8405,em_risco
6515,hibernando
2882,potenciais_fieis
7574,hibernando
6387,potenciais_fieis
5320,potenciais_fieis
5048,prestes_a_dormir
8146,hibernando
10031,prestes_a_dormir
5748,em_risco
2134,em_risco
1523,potenciais_fieis
9665,precisam_atencao
4640,n_podem_perder
3635,em_risco
3547,novos_consumidores
2456,hibernando
5633,precisam_atencao
7801,em_risco
10489,fieis
7011,prestes_a_dormir
2620,prestes_a_dormir
3933,fieis
10981,fieis
1734,potenciais_fieis
10995,potenciais_fieis
6357,potenciais_fieis
9209,n_podem_perder
10286,campeoes
2611,em_risco
1600,em_risco
3308,prestes_a_dormir
5407,n_podem_perder
2166,prestes_a_dormir
6634,hibernando
3056,n_podem_perder
5718,campeoes
6872,precisam_atencao
8164,campeoes
4580,fieis
9305,n_podem_perder
453,novos_consumidores
8545,campeoes
9850,promissores
7378,fieis
7646,em_risco
1640,prestes_a_dormir
5184,hibernando
8492,fieis
11188,hibernando
1212,campeoes
9097,potenciais_fieis
10473,fieis
7962,potenciais_fieis
9984,fieis
5527,promissores
6374,precisam_atencao
7453,precisam_atencao
8952,n_podem_perder
241,fieis
8975,prestes_a_dormir
6119,prestes_a_dormir
5236,fieis
5723,hibernando
1710,precisam_atencao
1970,potenciais_fieis
5313,potenciais_fieis
10634,precisam_atencao
7010,fieis
8562,em_risco
3158,novos_consumidores
4436,potenciais_fieis
5287,hibernando
2445,hibernando
6059,em_risco
4550,prestes_a_dormir
4240,hibernando
8911,campeoes
3706,prestes_a_dormir
3628,hibernando
10175,novos_consumidores
8985,fieis
5204,fieis
9220,fieis
9888,potenciais_fieis
5263,hibernando
1020,em_risco
9503,em_risco
10613,prestes_a_dormir
67,potenciais_fieis
6019,novos_consumidores
5863,em_risco
3717,em_risco
6730,hibernando
10749,hibernando
4998,em_risco
6287,novos_consumidores
5985,potenciais_fieis
4754,hibernando
4002,campeoes
8870,em_risco
966,em_risco
4767,fieis
9725,novos_consumidores
4475,n_podem_perder
5740,novos_consumidores
5731,hibernando
7290,em_risco
3846,em_risco
8104,potenciais_fieis
4507,n_podem_perder
11013,em_risco
4491,campeoes
3759,fieis
1162,fieis
2055,promissores
10766,fieis
4415,novos_consumidores
3005,campeoes
2223,fieis
4817,hibernando
2875,n_podem_perder
10536,hibernando
11112,fieis
3807,em_risco
9197,hibernando
10832,potenciais_fieis
6421,fieis
4207,fieis
577,novos_consumidores
10855,potenciais_fieis
3081,hibernando
3535,em_risco
247,potenciais_fieis
8707,potenciais_fieis
9523,hibernando
6072,campeoes
6295,fieis
10914,novos_consumidores
1509,n_podem_perder
5577,hibernando
7348,campeoes
1127,em_risco
1833,hibernando
4944,fieis
9080,potenciais_fieis
6466,potenciais_fieis
9964,precisam_atencao
4790,precisam_atencao
10245,em_risco
1109,promissores
6001,n_podem_perder
5538,em_risco
10552,potenciais_fieis
1545,em_risco
7409,em_risco
4444,promissores
146,em_risco
6271,novos_consumidores
10065,potenciais_fieis
4741,campeoes
246,em_risco
375,em_risco
1524,potenciais_fieis
10022,hibernando
7451,fieis
11010,hibernando
4356,em_risco
3885,novos_consumidores
1175,potenciais_fieis
880,prestes_a_dormir
2320,em_risco
850,campeoes
4713,potenciais_fieis
675,em_risco
5025,potenciais_fieis
2308,precisam_atencao
5995,precisam_atencao
6749,em_risco
1010,hibernando
8977,prestes_a_dormir
4756,fieis
3412,em_risco
606,hibernando
5961,promissores
2975,n_podem_perder
2894,em_risco
7613,em_risco
10542,hibernando
8015,em_risco
10617,potenciais_fieis
11166,em_risco
849,em_risco
523,prestes_a_dormir
4066,hibernando
8414,hibernando
819,n_podem_perder
4961,prestes_a_dormir
749,potenciais_fieis
5430,campeoes
7755,em_risco
10525,prestes_a_dormir
1453,fieis
8310,n_podem_perder
10710,hibernando
5031,campeoes
2613,potenciais_fieis
213,hibernando
967,campeoes
1077,precisam_atencao
7959,potenciais_fieis
640,n_podem_perder
4252,em_risco
8432,campeoes
6218,em_risco
6905,fieis
5922,precisam_atencao
3598,fieis
6116,novos_consumidores
6263,potenciais_fieis
10486,fieis
2410,em_risco
193,hibernando
3363,hibernando
8278,potenciais_fieis
10660,em_risco
8686,hibernando
1604,em_risco
5907,promissores
10669,potenciais_fieis
2918,hibernando
5735,fieis
359,fieis
8387,em_risco
1829,fieis
3839,hibernando
9392,novos_consumidores
2292,hibernando
10466,hibernando
9855,fieis
4088,potenciais_fieis
5231,novos_consumidores
590,potenciais_fieis
8732,n_podem_perder
2315,prestes_a_dormir
3515,hibernando
2245,prestes_a_dormir
6283,n_podem_perder
2246,hibernando
6606,campeoes
5545,em_risco
7342,campeoes
837,potenciais_fieis
9500,em_risco
3602,prestes_a_dormir
234,hibernando
2995,em_risco
1118,em_risco
7789,n_podem_perder
3068,novos_consumidores
8955,prestes_a_dormir
945,prestes_a_dormir
5644,em_risco
7192,fieis
2324,campeoes
697,em_risco
3439,em_risco
1506,potenciais_fieis
232,campeoes
8876,prestes_a_dormir
4500,fieis
9739,prestes_a_dormir
10395,potenciais_fieis
1176,prestes_a_dormir
1627,n_podem_perder
938,promissores
2740,hibernando
257,em_risco
4058,n_podem_perder
7736,promissores
8210,em_risco
833,hibernando
6230,prestes_a_dormir
7325,hibernando
1307,potenciais_fieis
1502,hibernando
6211,prestes_a_dormir
843,fieis
4174,hibernando
9757,n_podem_perder
6918,prestes_a_dormir
286,prestes_a_dormir
11086,novos_consumidores
1921,hibernando
4138,n_podem_perder
7718,potenciais_fieis
1291,em_risco
4136,hibernando
803,hibernando
4298,hibernando
10833,fieis
9606,em_risco
8534,fieis
5153,n_podem_perder
961,em_risco
5011,fieis
6653,em_risco
9094,potenciais_fieis
810,fieis
5493,promissores
2147,n_podem_perder
5107,promissores
3979,em_risco
6049,n_podem_perder
8147,prestes_a_dormir
1857,novos_consumidores
3910,em_risco
5207,fieis
11114,hibernando
5429,potenciais_fieis
9400,em_risco
1740,potenciais_fieis
7488,fieis
195,potenciais_fieis
635,fieis
7527,hibernando
10319,fieis
2296,novos_consumidores
10637,hibernando
2931,n_podem_perder
907,potenciais_fieis
3698,campeoes
9516,n_podem_perder
679,prestes_a_dormir
7384,potenciais_fieis
5043,em_risco
5267,prestes_a_dormir
339,em_risco
2516,hibernando
9010,n_podem_perder
378,em_risco
4808,novos_consumidores
5068,hibernando
7628,potenciais_fieis
7128,hibernando
2811,promissores
3551,potenciais_fieis
1663,hibernando
5543,fieis
1577,potenciais_fieis
10641,potenciais_fieis
5336,promissores
6024,em_risco
1878,hibernando
3099,precisam_atencao
6055,em_risco
5841,n_podem_perder
3972,em_risco
4394,fieis
5758,fieis
6658,fieis
4603,fieis
8427,n_podem_perder
10260,em_risco
7143,campeoes
8789,em_risco
6197,potenciais_fieis
4554,em_risco
4937,hibernando
1920,prestes_a_dormir
8749,hibernando
1650,campeoes
10377,potenciais_fieis
9206,fieis
10971,potenciais_fieis
6398,potenciais_fieis
9212,campeoes
7937,hibernando
839,prestes_a_dormir
4246,novos_consumidores
158,campeoes
4832,hibernando
5621,potenciais_fieis
1945,campeoes
5147,fieis
2535,fieis
11039,precisam_atencao
9495,fieis
9635,potenciais_fieis
2173,promissores
942,potenciais_fieis
9386,em_risco
5510,potenciais_fieis
873,campeoes
2253,novos_consumidores
5181,prestes_a_dormir
979,potenciais_fieis
10390,promissores
4698,potenciais_fieis
7793,campeoes
1745,em_risco
10590,n_podem_perder
5080,campeoes
8369,promissores
5232,potenciais_fieis
2407,campeoes
3834,fieis
7912,hibernando
7712,em_risco
1065,em_risco
7275,potenciais_fieis
1343,fieis
1384,novos_consumidores
9967,potenciais_fieis
6181,fieis
10507,potenciais_fieis
2674,em_risco
2698,precisam_atencao
3231,hibernando
4096,potenciais_fieis
10476,potenciais_fieis
5948,em_risco
9140,hibernando
10258,hibernando
5675,em_risco
4743,n_podem_perder
8805,potenciais_fieis
1542,potenciais_fieis
6770,novos_consumidores
8773,potenciais_fieis
10475,potenciais_fieis
10420,prestes_a_dormir
7514,hibernando
2902,hibernando
4345,prestes_a_dormir
793,promissores
10909,campeoes
3769,novos_consumidores
8702,novos_consumidores
4791,promissores
2963,fieis
8216,potenciais_fieis
8140,prestes_a_dormir
10146,novos_consumidores
5289,promissores
2587,promissores
4405,campeoes
8663,hibernando
2589,hibernando
3421,n_podem_perder
10490,potenciais_fieis
4094,em_risco
9958,fieis
2534,potenciais_fieis
4188,precisam_atencao
6613,fieis
10827,prestes_a_dormir
5491,em_risco
8402,fieis
8783,precisam_atencao
10010,prestes_a_dormir
618,campeoes
9121,precisam_atencao
361,hibernando
4310,fieis
2678,hibernando
6376,em_risco
524,prestes_a_dormir
10341,prestes_a_dormir
5654,promissores
4098,potenciais_fieis
5824,novos_consumidores
7000,campeoes
2561,fieis
5229,hibernando
4086,hibernando
2428,potenciais_fieis
8254,prestes_a_dormir
2836,hibernando
8418,hibernando
1362,em_risco
7152,hibernando
10033,prestes_a_dormir
9349,n_podem_perder
274,hibernando
3388,potenciais_fieis
922,hibernando
8588,em_risco
2518,novos_consumidores
574,hibernando
3220,potenciais_fieis
5967,hibernando
1183,novos_consumidores
6856,hibernando
4530,fieis
1553,n_podem_perder
4682,em_risco
8204,em_risco
5221,n_podem_perder
1232,fieis
1927,precisam_atencao
5788,prestes_a_dormir
6652,fieis
6246,fieis
5975,hibernando
6875,potenciais_fieis
4399,potenciais_fieis
4042,hibernando
2157,prestes_a_dormir
10133,campeoes
2525,em_risco
8233,campeoes
9483,fieis
2945,promissores
10403,prestes_a_dormir
5074,novos_consumidores
10524,fieis
4690,fieis
7521,fieis
7196,promissores
4406,fieis
9672,hibernando
4864,hibernando
4706,hibernando
4070,em_risco
25,campeoes
3697,potenciais_fieis
217,n_podem_perder
4220,potenciais_fieis
5286,hibernando
9559,n_podem_perder
2849,fieis
7787,em_risco
3102,promissores
5868,prestes_a_dormir
8370,fieis
9988,n_podem_perder
2939,em_risco
5529,precisam_atencao
9743,n_podem_perder
5763,em_risco
3478,campeoes
7494,potenciais_fieis
1763,n_podem_perder
7250,fieis
2005,hibernando
10770,n_podem_perder
6885,promissores
2072,potenciais_fieis
9463,campeoes
6318,fieis
4093,em_risco
5751,prestes_a_dormir
3340,precisam_atencao
3594,em_risco
3584,fieis
3643,em_risco
851,fieis
7706,n_podem_perder
3967,campeoes
10128,fieis
486,fieis
9,hibernando
9451,n_podem_perder
9264,campeoes
3865,potenciais_fieis
2853,em_risco
1490,n_podem_perder
6310,potenciais_fieis
10380,prestes_a_dormir
3887,novos_consumidores
4278,em_risco
8643,fieis
1998,hibernando
10795,novos_consumidores
2408,fieis
202,fieis
7998,hibernando
830,potenciais_fieis
3536,hibernando
6050,fieis
125,em_risco
3463,fieis
2804,hibernando
3745,hibernando
9771,em_risco
451,hibernando
10530,potenciais_fieis
1079,fieis
8920,campeoes
6678,potenciais_fieis
3852,fieis
528,em_risco
73,hibernando
5589,n_podem_perder
10212,prestes_a_dormir
6365,novos_consumidores
5636,prestes_a_dormir
591,em_risco
2217,prestes_a_dormir
2544,hibernando
7725,potenciais_fieis
8091,fieis
7321,em_risco
5462,n_podem_perder
7791,hibernando
955,em_risco
4037,hibernando
6642,prestes_a_dormir
2793,campeoes
5424,potenciais_fieis
879,em_risco
9530,novos_consumidores
4828,campeoes
10699,potenciais_fieis
1497,potenciais_fieis
7476,em_risco
4390,campeoes
10478,fieis
1081,potenciais_fieis
4261,fieis
9916,hibernando
5350,fieis
8135,prestes_a_dormir
8685,precisam_atencao
4967,potenciais_fieis
2130,potenciais_fieis
9298,em_risco
8175,hibernando
6257,em_risco
3790,promissores
9952,fieis
3503,em_risco
5223,hibernando
4608,campeoes
1626,promissores
4764,prestes_a_dormir
2471,potenciais_fieis
5892,potenciais_fieis
2612,fieis
4971,potenciais_fieis
5185,em_risco
10069,prestes_a_dormir
2262,em_risco
1131,prestes_a_dormir
1041,potenciais_fieis
24,hibernando
3409,em_risco
7022,campeoes
7943,prestes_a_dormir
5272,em_risco
5453,fieis
2565,em_risco
800,prestes_a_dormir
11092,hibernando
5062,hibernando
8969,fieis
4656,fieis
4480,em_risco
9971,fieis
6729,em_risco
1773,promissores
9242,campeoes
1764,em_risco
6215,promissores
10099,fieis
5423,promissores
940,potenciais_fieis
3011,potenciais_fieis
3298,n_podem_perder
8286,prestes_a_dormir
9668,potenciais_fieis
5120,em_risco
6097,em_risco
7019,prestes_a_dormir
7408,potenciais_fieis
8041,potenciais_fieis
252,campeoes
9986,potenciais_fieis
3276,prestes_a_dormir
3859,fieis
3570,em_risco
3783,prestes_a_dormir
10207,prestes_a_dormir
10906,precisam_atencao
3427,campeoes
5209,fieis
10711,fieis
10785,novos_consumidores
2814,novos_consumidores
6866,prestes_a_dormir
1665,em_risco
6575,fieis
3829,hibernando
3091,fieis
10141,novos_consumidores
5177,precisam_atencao
7005,em_risco
6409,campeoes
7485,prestes_a_dormir
8079,hibernando
8395,fieis
10352,potenciais_fieis
4931,campeoes
13,prestes_a_dormir
1834,hibernando
2285,potenciais_fieis
2295,fieis
1378,fieis
2781,fieis
1165,em_risco
1404,hibernando
6457,n_podem_perder
2639,prestes_a_dormir
8299,prestes_a_dormir
6437,hibernando
6912,n_podem_perder
7327,hibernando
5299,fieis
4127,n_podem_perder
8143,precisam_atencao
1964,em_risco
3690,fieis
3433,fieis
3389,n_podem_perder
4712,potenciais_fieis
1170,precisam_atencao
6347,promissores
4065,potenciais_fieis
8230,promissores
1215,fieis
5939,hibernando
2156,potenciais_fieis
7788,prestes_a_dormir
10323,em_risco
7947,hibernando
1891,potenciais_fieis
2570,fieis
9256,campeoes
295,n_podem_perder
7397,fieis
6349,em_risco
10790,prestes_a_dormir
10398,hibernando
2431,hibernando
550,em_risco
1890,hibernando
10742,em_risco
10356,novos_consumidores
4676,n_podem_perder
8852,n_podem_perder
3565,hibernando
5294,prestes_a_dormir
1958,em_risco
7349,potenciais_fieis
8799,potenciais_fieis
1351,fieis
1045,precisam_atencao
7732,em_risco
8070,em_risco
477,fieis
7832,fieis
2202,hibernando
7396,n_podem_perder
4055,prestes_a_dormir
10340,em_risco
10091,em_risco
7629,prestes_a_dormir
10640,hibernando
3498,campeoes
6742,hibernando
1172,n_podem_perder
569,fieis
4686,fieis
1381,potenciais_fieis
2634,potenciais_fieis
10905,potenciais_fieis
1744,hibernando
1000,fieis
3828,n_podem_perder
8605,promissores
10304,hibernando
4351,hibernando
10129,fieis
2499,fieis
10092,fieis
7500,fieis
5796,n_podem_perder
10556,precisam_atencao
1064,novos_consumidores
48,hibernando
7610,potenciais_fieis
263,potenciais_fieis
10814,campeoes
9710,n_podem_perder
9292,n_podem_perder
10250,prestes_a_dormir
7881,fieis
5847,em_risco
737,precisam_atencao
3571,fieis
7807,potenciais_fieis
3878,novos_consumidores
5092,potenciais_fieis
2154,promissores
5394,prestes_a_dormir
3798,hibernando
3524,potenciais_fieis
5247,prestes_a_dormir
5883,em_risco
2118,em_risco
8812,prestes_a_dormir
6616,precisam_atencao
2797,fieis
4328,hibernando
9167,n_podem_perder
10560,promissores
2631,fieis
8312,hibernando
5534,potenciais_fieis
5093,potenciais_fieis
7592,hibernando
8895,em_risco
8584,fieis
2694,prestes_a_dormir
8910,potenciais_fieis
7433,hibernando
164,precisam_atencao
10477,potenciais_fieis
2681,campeoes
5150,hibernando
5283,hibernando
9645,n_podem_perder
10678,n_podem_perder
7261,potenciais_fieis
9648,potenciais_fieis
2870,potenciais_fieis
8008,prestes_a_dormir
1513,em_risco
6173,fieis
1419,potenciais_fieis
9150,promissores
7960,n_podem_perder
1250,hibernando
9905,hibernando
10691,prestes_a_dormir
7002,potenciais_fieis
2952,hibernando
8439,em_risco
762,fieis
2831,n_podem_perder
6977,n_podem_perder
6289,hibernando
4168,potenciais_fieis
8397,hibernando
9284,fieis
6237,n_podem_perder
3130,hibernando
1619,campeoes
1990,em_risco
5513,prestes_a_dormir
269,em_risco
8093,em_risco
10513,em_risco
10177,campeoes
2549,hibernando
5782,campeoes
10057,n_podem_perder
10307,em_risco
8566,novos_consumidores
2415,em_risco
5684,promissores
8334,potenciais_fieis
9166,fieis
1440,n_podem_perder
78,prestes_a_dormir
5441,em_risco
5302,potenciais_fieis
4687,n_podem_perder
1087,potenciais_fieis
6859,potenciais_fieis
9860,potenciais_fieis
7129,n_podem_perder
5866,potenciais_fieis
10521,potenciais_fieis
7393,potenciais_fieis
7849,campeoes
332,precisam_atencao
9847,potenciais_fieis
531,fieis
9576,hibernando
6906,em_risco
7419,hibernando
3170,em_risco
8527,potenciais_fieis
7872,campeoes
10595,novos_consumidores
4609,potenciais_fieis
5010,hibernando
4427,fieis
11148,hibernando
1168,em_risco
9595,potenciais_fieis
10163,fieis
2886,n_podem_perder
6710,hibernando
5316,hibernando
9029,n_podem_perder
521,fieis
1459,potenciais_fieis
10241,novos_consumidores
1630,precisam_atencao
3254,em_risco
9064,campeoes
3678,campeoes
4227,hibernando
9467,prestes_a_dormir
8486,potenciais_fieis
2186,fieis
3286,hibernando
8602,n_podem_perder
3722,hibernando
6715,campeoes
4796,hibernando
9612,novos_consumidores
3766,campeoes
1399,fieis
1570,campeoes
3426,n_podem_perder
3074,em_risco
8341,promissores
5180,prestes_a_dormir
6461,n_podem_perder
7679,prestes_a_dormir
10702,em_risco
7505,promissores
5113,em_risco
10858,fieis
2961,em_risco
2747,em_risco
3010,em_risco
5790,hibernando
6892,fieis
1743,em_risco
3578,potenciais_fieis
8462,prestes_a_dormir
5558,em_risco
4619,campeoes
8780,em_risco
10789,novos_consumidores
10779,novos_consumidores
5896,em_risco
2337,hibernando
10951,potenciais_fieis
544,precisam_atencao
17,n_podem_perder
10680,hibernando
3265,promissores
5623,hibernando
5832,fieis
5544,fieis
6417,n_podem_perder
5831,em_risco
7101,fieis
10176,fieis
2326,novos_consumidores
4385,hibernando
2929,potenciais_fieis
10686,hibernando
2546,novos_consumidores
3283,fieis
3138,n_podem_perder
4994,fieis
7966,fieis
3112,novos_consumidores
10872,em_risco
2181,precisam_atencao
1867,fieis
1518,fieis
5734,hibernando
2878,em_risco
1458,prestes_a_dormir
7007,prestes_a_dormir
6200,fieis
1403,prestes_a_dormir
4827,potenciais_fieis
6250,n_podem_perder
9291,promissores
2478,prestes_a_dormir
1139,fieis
5138,hibernando
5393,hibernando
10413,n_podem_perder
5015,hibernando
10868,em_risco
10676,campeoes
2495,fieis
7842,prestes_a_dormir
9955,potenciais_fieis
6663,hibernando
2162,campeoes
3434,em_risco
7919,campeoes
5626,potenciais_fieis
6428,fieis
8514,prestes_a_dormir
10448,precisam_atencao
2109,n_podem_perder
7530,prestes_a_dormir
8925,fieis
3009,potenciais_fieis
6355,potenciais_fieis
3517,potenciais_fieis
1158,potenciais_fieis
6203,fieis
7165,fieis
3595,fieis
8537,em_risco
4331,fieis
6281,potenciais_fieis
4338,promissores
2452,potenciais_fieis
9507,potenciais_fieis
8360,hibernando
10311,campeoes
5117,fieis
4867,potenciais_fieis
9289,novos_consumidores
10913,prestes_a_dormir
3032,hibernando
8524,potenciais_fieis
3334,fieis
4470,potenciais_fieis
1406,precisam_atencao
8619,novos_consumidores
10821,precisam_atencao
4552,potenciais_fieis
898,potenciais_fieis
9797,potenciais_fieis
10949,campeoes
8212,hibernando
6248,fieis
10164,em_risco
4547,hibernando
6815,campeoes
4122,em_risco
10841,precisam_atencao
5370,potenciais_fieis
176,em_risco
4860,hibernando
10757,promissores
4023,potenciais_fieis
6679,promissores
9923,potenciais_fieis
7181,hibernando
3599,em_risco
405,em_risco
6870,em_risco
832,em_risco
2002,em_risco
3657,potenciais_fieis
500,n_podem_perder
1951,n_podem_perder
3262,fieis
4102,prestes_a_dormir
7042,novos_consumidores
10598,hibernando
255,promissores
2375,hibernando
9829,prestes_a_dormir
6214,prestes_a_dormir
4954,precisam_atencao
7861,fieis
4837,fieis
9423,prestes_a_dormir
4198,novos_consumidores
153,promissores
9323,campeoes
10001,hibernando
3945,n_podem_perder
3799,campeoes
8625,hibernando
3491,fieis
983,em_risco
9119,potenciais_fieis
4786,n_podem_perder
5872,fieis
6568,hibernando
5628,fieis
5631,em_risco
4974,em_risco
8416,novos_consumidores
5454,hibernando
4095,em_risco
5474,hibernando
4268,prestes_a_dormir
10701,n_podem_perder
3507,precisam_atencao
2079,campeoes
626,promissores
4426,potenciais_fieis
2591,precisam_atencao
10509,prestes_a_dormir
6382,hibernando
6673,prestes_a_dormir
7441,n_podem_perder
1071,campeoes
10061,fieis
7187,fieis
8775,hibernando
1612,hibernando
2345,fieis
322,hibernando
10897,n_podem_perder
123,em_risco
6103,prestes_a_dormir
7899,em_risco
10500,hibernando
1655,hibernando
2406,em_risco
2712,em_risco
5517,prestes_a_dormir
10643,fieis
2254,em_risco
10281,campeoes
6958,prestes_a_dormir
954,hibernando
5079,hibernando
10339,hibernando
4643,prestes_a_dormir
3117,em_risco
6497,potenciais_fieis
5396,fieis
5250,n_podem_perder
1052,fieis
2802,em_risco
6343,campeoes
6507,potenciais_fieis
7901,promissores
4865,potenciais_fieis
2686,prestes_a_dormir
3107,potenciais_fieis
7734,fieis
1146,campeoes
11031,hibernando
7428,fieis
975,potenciais_fieis
1103,em_risco
3422,hibernando
1055,prestes_a_dormir
6544,n_podem_perder
1241,novos_consumidores
2909,em_risco
5802,prestes_a_dormir
1407,novos_consumidores
6183,potenciais_fieis
340,campeoes
5991,potenciais_fieis
3104,em_risco
9729,fieis
1008,fieis
11091,hibernando
3969,prestes_a_dormir
1916,em_risco
9907,n_podem_perder
87,novos_consumidores
8659,fieis
6262,n_podem_perder
6147,prestes_a_dormir
8832,potenciais_fieis
10067,hibernando
7532,potenciais_fieis
4915,em_risco
2115,hibernando
2088,n_podem_perder
2493,fieis
6292,em_risco
1631,campeoes
10104,hibernando
3006,hibernando
3919,em_risco
642,hibernando
4369,precisam_atencao
10127,potenciais_fieis
271,potenciais_fieis
4973,promissores
2948,hibernando
2715,potenciais_fieis
10432,promissores
9216,promissores
7124,hibernando
9727,potenciais_fieis
5136,fieis
9790,campeoes
1818,promissores
1100,potenciais_fieis
7873,potenciais_fieis
10609,potenciais_fieis
6950,promissores
7233,potenciais_fieis
9481,hibernando
7699,potenciais_fieis
2711,novos_consumidores
8933,potenciais_fieis
8726,prestes_a_dormir
1515,novos_consumidores
5186,fieis
10157,em_risco
5667,n_podem_perder
902,em_risco
977,potenciais_fieis
7313,n_podem_perder
7600,novos_consumidores
9706,hibernando
2429,campeoes
3520,em_risco
10394,em_risco
4548,hibernando
9362,campeoes
3968,n_podem_perder
4084,fieis
6721,potenciais_fieis
2829,fieis
1772,campeoes
1544,fieis
492,potenciais_fieis
4377,potenciais_fieis
4541,em_risco
1321,prestes_a_dormir
8858,em_risco
3266,hibernando
11187,potenciais_fieis
8207,novos_consumidores
9723,campeoes
2666,fieis
5721,n_podem_perder
10652,precisam_atencao
1646,promissores
4418,fieis
2656,hibernando
7990,novos_consumidores
8722,fieis
7118,em_risco
2980,prestes_a_dormir
1839,potenciais_fieis
10722,em_risco
2632,potenciais_fieis
9014,hibernando
7620,hibernando
10968,campeoes
11133,potenciais_fieis
2736,n_podem_perder
1876,novos_consumidores
5959,hibernando
1092,campeoes
4333,hibernando
3850,prestes_a_dormir
6168,promissores
607,fieis
10469,fieis
6983,promissores
3661,fieis
9303,novos_consumidores
692,hibernando
736,hibernando
9589,fieis
4838,prestes_a_dormir
9246,em_risco
6261,em_risco
7366,campeoes
10659,potenciais_fieis
1448,potenciais_fieis
4286,fieis
4749,fieis
4478,em_risco
4201,potenciais_fieis
8720,prestes_a_dormir
10084,novos_consumidores
7004,hibernando
9817,n_podem_perder
8080,prestes_a_dormir
8372,hibernando
10870,fieis
4001,precisam_atencao
7270,em_risco
8235,campeoes
9405,prestes_a_dormir
